Stir Fry,4
Rice Bowl,4
Ramen,4
Veggie Burgers,3
Thai Curry,3
Pho,3
Pasta bake,3
Moroccan Chicken,3
Kievs,3
Jambalaya,3
Ham,3
Gammon steaks,3
Fishcakes,3
Dumplings,3
Curry,3
Chicken steaks,3
Chicken Parmesan,3
Chicken Burgers,3
Tonkatsu,2
Pizza,2
Meatballs,2
Mac and Cheese,2
Kung Pao Chicken,2
General Tso's Chicken,2
Fajitas,2
Dino Nuggies,2
Cheese Steak,2
Bolognese,2
Beef Burgers,2
Take Out,1
Steak,1
Tabouleh with Halloumi Fries,4,Good HouseKeeping Page 39
Tofu Skewers with Pesto,3,Ainsley's Carribean Kitchen Page 92
Chicken Casserole,3,Good HouseKeeping Page 61
Jerk Chicken,2
Chicken Satay,3,Good HouseKeeping Page 102
Kung Pao Wraps,3,Good HouseKeeping Page 103
Bacon and Sage Pasta,3,Good HouseKeeping Page 104
Fried Rice,2,Good HouseKeeping Page 105
Sunshine Salad,4,Good HouseKeeping Page 128
Vietnemse Salad,4,Good HouseKeeping Page 131
Lemon Chicken Cous Cous Salad,4,Good HouseKeeping Page 136
Duck Salad,2,Good HouseKeeping Page 138
Spanish Chicken Traybake,2,Good HouseKeeping Page 173
Cottage Pie,2
Jacket Potatoes,3
Spicy Garlic Noodles,3,https://youtube.com/watch?v=pyTHNeRAFwo
Rissoto,3